Cluster,Salary,LastSalaryHike,TrainingLast1YearMinutes,TotalWorkExperience,YearsSinceLastPromotion,AdaptabilityandInitiative,AttendanceandPunctuality,LeadershipSkills,QualityofDeliverables,JudgementandDecisionMaking,TeamWorkSkills,Productivity,CustomerRelationSkills,JobKnowledge,ReliabilityandDependability
1,0.36136917175900946,0.0,0.2939118264520644,0.8233039333564363,0.3591910136229058,1.0,0.25,0.25,1.0,0.75,0.0,0.75,0.0,0.75,0.0
1,0.17445710035439788,0.26666666666666666,0.8103568929321203,0.06677276450206782,0.21338717938480853,0.0,0.0,0.75,0.75,0.75,0.0,0.5,0.25,1.0,0.75
1,0.18134087826505463,0.6666666666666666,0.10496850944716585,0.2090814909316701,0.8887041838660059,0.0,0.0,1.0,0.0,0.75,1.0,1.0,0.0,0.75,0.0
3,0.9386002012629983,0.6666666666666666,0.2351294611616515,0.794520991783241,0.8534466829984507,0.25,0.75,0.0,0.75,0.25,0.5,0.75,1.0,0.25,0.75
3,0.5834293464786268,0.06666666666666667,0.41147655703289016,0.09870515051129536,0.6990532548530416,1.0,1.0,0.75,0.75,0.0,0.0,0.0,0.75,0.75,0.75
0,0.9718377645222921,1.0,0.1630510846745976,0.2651766631259759,0.7214494163903815,0.5,0.75,0.5,0.0,0.75,0.5,0.75,1.0,0.5,0.0
0,0.7747458690040399,0.7333333333333333,0.893631910426872,0.8328230130852309,0.6226025658142642,1.0,1.0,0.5,0.75,0.75,0.0,0.25,0.0,0.75,1.0
1,0.8519987749208803,0.6666666666666666,0.6759972008397481,0.9617868459552018,0.06989998633144627,0.0,0.5,0.5,0.5,0.5,0.25,0.5,0.5,1.0,1.0
0,0.9901264456662826,0.0,0.10986703988803359,0.0036687047455331704,0.1691802973054998,1.0,0.5,0.25,0.0,1.0,1.0,0.5,1.0,0.0,0.5
1,1.0,0.13333333333333333,0.5402379286214136,0.17208956321461208,0.3611577133837848,0.25,0.0,0.5,1.0,0.75,0.0,0.75,1.0,1.0,1.0
1,0.36867589365146497,0.13333333333333333,0.6920923722883136,0.9867770366727836,0.30603036905385156,0.0,0.25,0.5,0.75,0.25,0.75,0.5,0.25,1.0,0.25
1,0.05056368223781119,0.2,0.41357592722183345,0.08060932809076828,0.7922955858365673,0.0,0.5,0.5,0.75,0.25,0.5,0.5,0.0,1.0,0.75
1,0.5736578820715504,0.13333333333333333,0.6326102169349195,0.302913363804575,0.8776147452138979,0.25,0.0,0.75,0.25,0.5,0.75,1.0,0.0,1.0,0.75
2,0.47563696822086426,0.0,0.17984604618614417,0.8721387205140623,0.24658521240660441,0.0,1.0,0.0,1.0,0.75,0.5,0.0,0.5,0.25,1.0
3,0.3580877098312599,1.0,0.8950314905528342,0.9196722620614799,0.3008751831430028,0.0,0.0,0.75,0.0,0.0,0.25,1.0,0.25,0.75,0.25
3,0.6833608003850249,0.06666666666666667,0.27571728481455565,0.13582305001595726,0.8532772865656566,0.75,0.5,1.0,0.5,0.0,0.0,0.5,0.75,0.75,0.0
3,0.9811862849475695,0.6,0.31210636808957315,0.9677849715759408,0.9811688741207644,0.25,0.25,0.25,0.75,0.75,0.5,0.0,0.75,0.25,0.5
2,0.26183149328394123,0.13333333333333333,0.27711686494051785,0.5822204157188822,0.46952875243132636,0.25,1.0,0.0,0.75,0.75,0.75,0.5,0.25,0.75,0.75
0,0.11089882888269867,0.3333333333333333,0.22113365990202938,0.19356892750653448,0.07804139345895268,0.75,0.75,1.0,0.25,0.5,0.75,0.5,0.0,0.75,1.0
1,0.5633905523065031,0.9333333333333333,0.4464660601819454,0.02391055394946643,0.5374834091482753,0.0,0.0,0.5,0.25,1.0,0.0,0.75,1.0,0.5,1.0
0,0.3761576268467339,0.6666666666666666,0.8789363191042687,0.7508971322284127,0.23933570800636714,0.75,0.75,0.75,0.25,0.0,0.75,0.5,0.25,1.0,0.5
2,0.9222220601747196,0.6,0.8390482855143457,0.36011420842306135,0.8169433345380142,1.0,1.0,0.25,0.25,0.75,1.0,1.0,1.0,0.25,0.25
0,0.9284787142502954,0.6666666666666666,0.6242127361791463,0.598611656243967,0.46679256110381423,0.5,1.0,0.5,0.5,1.0,1.0,0.75,0.5,0.75,0.0
1,0.19189989353479078,0.5333333333333333,0.8523442967109867,0.574245972045562,0.06172983606011394,0.25,0.75,0.5,0.5,0.75,0.25,0.25,0.75,1.0,0.25
0,0.3885250922455409,0.26666666666666666,0.36808957312806156,0.8321126234329673,0.011699027165599783,1.0,0.75,0.75,0.0,0.75,0.75,1.0,0.75,1.0,1.0
0,0.16585237796607696,0.4,0.8495451364590623,0.9339932756980609,0.2233684322415109,0.5,0.5,0.5,0.5,1.0,1.0,1.0,0.0,0.5,1.0
3,0.9296746248195196,0.3333333333333333,0.6396081175647306,0.18564608416068068,0.7489722159741085,1.0,0.25,0.5,0.25,0.0,0.0,0.75,0.25,0.5,0.25
2,0.8290722942523371,0.3333333333333333,0.07557732680195942,0.5205323518668814,0.6859161191477778,0.0,0.75,0.5,0.0,0.25,0.25,0.0,0.25,0.5,0.0
3,0.25045575860107633,0.4666666666666667,0.45976207137858643,0.6143135578599537,0.6782805108067037,0.75,0.0,0.0,0.5,0.0,0.0,0.75,0.25,0.5,0.5
0,0.7088541134948299,0.7333333333333333,0.7634709587123862,0.2880790759645742,0.45039362291071505,0.75,0.25,1.0,0.0,1.0,0.25,1.0,1.0,0.0,1.0
3,0.8905887671912144,0.0,0.6585024492652204,0.7489992839042086,0.8034291889158556,0.75,0.0,0.0,0.75,1.0,0.0,1.0,0.75,0.25,1.0
0,0.23814663030320707,0.4666666666666667,0.622113365990203,0.3426047180823474,0.8801076011453204,1.0,0.5,1.0,0.5,1.0,0.0,0.0,0.5,0.0,0.75
1,0.11912436011492408,0.5333333333333333,0.7648705388383485,0.49122385705796906,0.42288161232999466,0.5,0.75,0.0,0.0,0.25,0.0,0.75,0.25,1.0,1.0
0,0.40192804118599323,0.8666666666666667,0.3834849545136459,0.7572570801081233,0.7740274480007208,0.0,1.0,0.5,1.0,1.0,1.0,0.75,0.75,0.25,0.75
1,0.9592807035454373,0.0,0.42477256822953113,0.7982457815884458,0.5785341991096563,0.0,0.25,0.5,0.5,0.25,0.75,1.0,0.25,0.75,0.5
0,0.4801726778187758,0.6,0.38488453463960814,0.6711369893624903,0.18175177583006663,0.25,0.25,0.75,0.0,1.0,0.5,1.0,1.0,0.5,0.75
0,0.9628830195283445,0.3333333333333333,0.8530440867739678,0.8374708697842418,0.883722498382928,0.75,0.0,0.75,0.75,1.0,0.5,0.25,0.75,0.75,0.5
3,0.2411218224510333,0.9333333333333333,0.8978306508047585,0.8787144145810307,0.26615254565329177,1.0,0.0,0.25,1.0,1.0,0.5,0.5,1.0,0.5,0.75
0,0.6094331092216372,0.8,0.6004198740377886,0.6210635483806565,0.9725088606188067,0.0,0.5,0.5,0.75,0.75,0.75,0.75,1.0,1.0,1.0
3,0.8452316712120991,0.8,0.10496850944716585,0.8584907190082146,0.03693392299882925,0.25,0.75,0.5,0.25,0.75,0.25,0.25,0.0,0.25,1.0
0,0.8403896918342643,0.4,0.9545136459062281,0.8496286747360277,0.8505169994821269,0.0,0.75,0.5,0.25,0.5,1.0,0.0,1.0,0.5,0.25
0,0.008415126810273163,0.6666666666666666,0.013296011196641007,0.47720327183999695,0.2555709497003685,0.75,0.5,0.5,0.75,0.75,0.5,0.25,0.25,1.0,0.25
1,0.09328102439949247,0.4,0.5892232330300909,0.9457813503671074,0.4018941987180393,0.5,0.0,0.5,0.75,0.25,1.0,0.0,1.0,0.25,0.0
2,0.7034579316580862,0.8666666666666667,0.28831350594821553,0.7135482395378506,0.778282154654082,0.25,0.5,0.25,0.25,0.75,1.0,0.5,0.0,0.5,0.0
1,0.886548922951274,0.26666666666666666,0.07207837648705388,0.1634554631177195,0.4331610934673466,0.25,0.0,0.0,0.75,0.75,1.0,0.5,0.0,1.0,0.75
0,0.3733136931760176,0.3333333333333333,0.5731280615815255,0.8677882924030185,0.6041415057264686,0.25,0.25,1.0,0.25,0.5,0.5,0.25,0.75,0.25,1.0
2,0.6169731795178438,0.4666666666666667,0.8243526941917425,0.004926952430339189,0.4087160154695955,0.75,0.5,0.5,0.75,0.0,0.5,0.25,0.25,0.5,0.25
0,0.5571047296804585,0.7333333333333333,0.8726382085374388,0.6329631323850584,0.7609371184865265,0.25,0.5,1.0,0.75,1.0,0.25,0.25,0.5,0.25,1.0
2,0.17512797701518223,0.4,0.8698390482855144,0.056428214282064716,0.24856690932837638,1.0,1.0,0.25,0.5,0.5,1.0,1.0,0.25,1.0,0.25
3,0.6585237796607698,0.26666666666666666,0.24212736179146255,0.7393505119763586,0.2699669055444861,1.0,0.0,0.75,0.5,0.75,0.25,0.25,0.0,0.0,0.5
2,0.17178817798649496,0.7333333333333333,0.8782365290412876,0.5376319117894801,0.005401179374220088,0.25,1.0,0.5,1.0,0.75,0.25,0.5,0.0,0.25,0.0
0,0.289789548908367,0.6666666666666666,0.2568229531140658,0.3739381793753358,0.950025204302002,0.75,0.0,0.75,0.25,0.0,0.5,0.25,1.0,0.5,0.5
0,0.05584318987267928,0.6,0.3932820153953814,0.19168937260648752,0.6800393676894539,1.0,1.0,0.75,0.0,0.5,1.0,0.0,1.0,0.75,0.5
3,0.7552029401898873,0.8666666666666667,0.8824352694191743,0.8422508927220353,0.3986979006158284,0.25,0.25,1.0,0.75,0.5,0.0,0.5,0.0,0.25,0.5
0,0.6719704814269255,0.6,0.10356892932120364,0.7775323842398472,0.5280258146197917,1.0,0.5,1.0,1.0,0.75,1.0,1.0,0.75,0.5,0.5
3,0.5438767920428195,0.06666666666666667,0.9363191042687193,0.26394863904443644,0.43615416573991833,1.0,0.0,0.25,0.75,0.25,0.0,1.0,0.25,0.75,0.75
3,0.03646068808610556,0.4,0.41567529741077675,0.8303697070769492,0.8379952108732498,0.75,1.0,0.75,0.5,0.75,0.25,0.25,1.0,0.25,0.25
1,0.13594002946023598,0.13333333333333333,0.43876836948915326,0.3564287881103867,0.24062440727732723,0.75,0.25,1.0,1.0,0.25,0.75,0.5,0.75,0.5,0.0
0,0.1373692884332113,0.4,0.7732680195941217,0.9451113058817352,0.03083697534659059,1.0,0.5,0.75,0.0,0.0,0.25,0.25,0.25,0.75,0.25
0,0.5516647950180116,0.5333333333333333,0.04688593421973408,0.5625884950367818,0.1266913602383835,0.75,0.5,0.25,0.5,1.0,0.5,0.0,0.5,0.75,0.25
0,0.933743637609929,0.6,0.0867739678096571,0.9158758125706796,0.5994601363512339,1.0,0.5,1.0,0.25,0.25,0.75,0.0,0.25,1.0,0.25
2,0.19627517610512346,0.3333333333333333,0.5269419174247726,0.027664079117419582,0.1046578333494736,0.25,1.0,0.0,0.25,0.75,0.75,0.0,0.25,0.25,1.0
0,0.7278282555748392,1.0,0.21203638908327502,0.584067319688976,0.7347690329938799,1.0,0.75,0.5,0.5,0.75,0.25,0.0,1.0,0.75,0.25
2,0.09886680181428384,0.5333333333333333,0.3554933519944017,0.3229241605174923,0.5780262316794459,0.25,1.0,0.0,0.25,0.25,1.0,0.25,0.25,0.25,0.0
0,0.055639010019397084,0.9333333333333333,0.09447165850244926,0.7108978358748734,0.4090081351830282,1.0,1.0,1.0,0.75,1.0,0.25,0.0,0.25,0.75,0.25
1,0.641051817929908,0.26666666666666666,0.867739678096571,0.7670798499523536,0.3962083230670087,0.0,0.75,0.5,0.5,0.25,0.25,0.25,0.25,1.0,0.5
2,0.706943573439118,0.7333333333333333,0.9650104968509448,0.25287090545243146,0.4936241337432133,0.5,0.75,0.25,1.0,0.25,1.0,0.5,0.75,0.5,0.5
3,0.710604226522963,0.13333333333333333,0.008397480755773267,0.7350773064807983,0.4428998380524021,1.0,1.0,0.25,0.25,0.25,0.0,0.5,0.5,0.75,0.25
0,0.6687327723248793,0.4,0.22393282015395383,0.042512645696060426,0.3697491880606865,0.75,0.0,0.75,0.25,0.0,1.0,0.25,1.0,1.0,0.25
0,0.4804789475986991,0.2,0.9370188943317005,0.06429943448393999,0.0,0.75,0.0,0.75,0.25,0.25,0.5,0.25,0.5,0.25,1.0
0,0.7309201219245409,1.0,0.5927221833449965,0.6014833584082591,0.6101480769383237,1.0,0.5,1.0,0.75,0.25,1.0,0.25,0.75,0.75,0.5
3,0.5321656190295623,0.13333333333333333,0.08957312806158152,0.10465176271945478,0.6518286676571977,0.75,0.5,0.5,1.0,0.25,0.0,0.75,1.0,0.25,0.75
3,0.17407790919830238,0.4,0.04828551434569629,0.870160978228969,0.11446759518715652,1.0,0.75,0.5,0.5,0.5,0.25,0.25,1.0,0.25,0.5
3,0.44098473026382956,0.3333333333333333,0.4947515745276417,0.34950879975697613,0.8077992263910585,0.75,0.75,1.0,1.0,0.0,0.0,0.25,0.75,0.0,1.0
1,0.7256843671153762,0.6666666666666666,0.5521343596920923,0.3775360316325785,0.19909625767233335,1.0,0.5,0.0,0.25,0.75,0.0,0.0,0.75,0.5,1.0
0,0.3932066445957968,0.2,0.13855843247025892,0.5817177432435799,0.8542041740861502,0.25,0.5,0.75,0.25,0.5,1.0,0.5,0.75,0.75,0.75
0,0.8833695509501656,0.9333333333333333,0.9951014695591323,0.5258130776016806,0.49452751127632255,0.5,0.25,0.75,0.25,0.75,0.5,0.5,0.0,0.75,0.0
0,0.8922951273936441,0.6666666666666666,0.22883135059482154,0.3332218311006994,0.6510653783222767,1.0,0.75,0.75,0.5,0.75,0.5,0.0,0.5,0.25,0.75
0,0.6129187510026689,0.7333333333333333,0.9531140657802659,0.12293130624169075,0.8321084896448124,0.75,0.25,1.0,0.25,0.5,1.0,0.5,0.25,1.0,0.0
0,0.5573089095337407,0.6666666666666666,0.4989503149055283,0.6782916346616787,0.9938207730978662,1.0,0.0,0.5,0.0,0.5,1.0,0.5,0.75,0.25,0.0
3,0.8174340426152522,0.0,0.6529041287613716,0.9798072822183731,0.6097358437686748,0.5,0.75,0.25,0.0,0.0,0.25,0.25,0.5,0.5,0.75
0,0.9357270990418132,0.8,0.9923023093072079,0.6057717888343435,0.23670856645124552,0.25,0.0,0.25,1.0,0.5,1.0,0.0,0.25,0.5,0.75
2,0.7410561932124783,0.8,0.3093072078376487,0.3339874108457526,0.22083573034146387,0.75,0.25,0.0,0.0,0.0,0.75,0.25,0.25,0.25,0.75
0,0.41795615966864524,0.6,0.801259622113366,0.43378128622243317,0.6844425028997123,0.75,0.5,0.75,0.75,0.75,0.5,0.25,0.5,0.0,1.0
0,0.8412939168987997,0.6,0.5514345696291113,0.3978943512992537,0.24419751610248153,0.25,0.25,1.0,1.0,1.0,0.5,0.75,0.25,0.75,1.0
2,0.00937768897574635,0.0,0.29531140657802657,0.014534836055444223,0.47904999801687953,1.0,0.75,0.25,1.0,0.5,0.0,0.25,0.0,0.0,0.25
3,0.9739087316055829,0.13333333333333333,0.2701189643107068,0.8005396052401502,0.5739500483430315,0.75,0.5,0.0,0.75,0.5,0.0,0.25,0.5,0.0,0.0
0,0.9184155643385302,1.0,0.5640307907627712,0.24578902120525,0.2518671473083274,0.5,1.0,1.0,0.0,1.0,0.5,0.0,0.5,0.25,1.0
1,0.08668893199352458,0.2,0.4576627011896431,0.6958874228254819,0.6918423367438606,0.75,0.5,0.5,0.5,0.0,1.0,0.75,0.75,1.0,0.0
0,0.38264762932606067,0.8,0.9713086074177747,0.5407083661287274,0.2748023585104628,0.75,0.75,0.5,0.0,0.5,0.75,0.75,0.0,0.25,0.25
2,0.49571951521869123,0.5333333333333333,0.6759972008397481,0.6561522468910618,0.7408548304838594,1.0,1.0,0.0,1.0,0.75,0.25,1.0,0.25,0.25,0.0
0,0.12940627415520586,0.26666666666666666,0.009097270818754374,0.6912044104636325,0.13520611957857642,0.5,0.25,1.0,0.0,0.5,0.75,0.75,0.75,0.25,0.5
1,0.24287193547916636,0.13333333333333333,0.6899930020993702,0.290807117128747,0.6500788876948572,0.0,0.25,0.0,0.0,0.25,0.5,0.0,1.0,0.0,0.75
0,0.0859013811308647,0.8,0.33030090972708187,0.27162060995928544,0.4198584601742717,0.25,1.0,1.0,0.75,0.5,0.75,0.5,0.5,0.25,0.75
1,0.3856811585748246,0.4666666666666667,0.03219034289713086,0.7022428863050858,0.2816550668994908,0.5,0.0,0.0,1.0,0.25,0.75,0.5,0.5,0.0,0.0
3,0.7360975396327679,0.2,0.8852344296710987,0.7055962477820399,0.5050531210146353,0.75,0.5,0.5,0.0,0.25,0.5,0.5,0.0,0.25,0.0
1,0.46182565957384747,0.3333333333333333,0.24002799160251925,0.15523236678461932,0.7640848729317944,0.25,0.25,0.5,1.0,0.75,0.25,0.0,0.25,1.0,1.0
2,0.7161024982863476,0.6666666666666666,0.30160951714485656,0.2739766814138112,0.36594997501816773,0.25,0.5,0.25,0.0,0.25,0.75,0.75,0.25,0.0,0.25
3,0.955576297635889,0.3333333333333333,0.2743177046885934,0.987942088137332,0.16442320748399528,0.25,1.0,0.5,1.0,0.25,0.5,0.75,0.75,0.75,0.0
1,0.4340863680779384,0.26666666666666666,0.7865640307907628,0.25680194024346104,0.8868290775421173,0.5,0.0,0.0,0.25,0.5,1.0,0.5,0.25,0.75,0.5
3,0.3991132760657459,0.0,0.3694891532540238,0.7287265539658362,0.15030485175022934,0.5,0.5,0.0,0.5,0.75,0.0,0.0,0.75,0.25,0.5
1,0.29031458281680694,0.9333333333333333,0.5059482155353394,0.5372440216081535,0.4833489033363637,1.0,0.0,0.0,0.5,0.5,1.0,1.0,0.25,0.25,0.75
0,0.8528884157101813,0.8666666666666667,0.4268719384184745,0.8911720957763204,0.9336544635357317,0.5,0.5,0.75,0.0,0.75,1.0,0.5,1.0,0.75,0.25
3,0.5739495675762393,0.13333333333333333,0.7662701189643107,0.6896819601795466,0.5239616269836885,0.75,0.5,0.25,0.75,0.0,0.25,0.5,0.25,0.75,0.75
3,0.9901118613910481,1.0,0.3463960811756473,0.5045206888198327,0.18439960695612145,0.75,0.25,0.0,0.75,0.5,0.25,0.75,1.0,0.75,0.25
1,0.5233567167879593,0.13333333333333333,0.6941917424772568,0.6330365254442446,0.4069881334922802,0.25,0.25,0.75,0.0,0.75,0.25,0.5,0.75,1.0,0.0
1,0.18643079032187496,0.4666666666666667,0.4450664800559832,0.6768332869230571,0.7636615758554811,0.0,0.75,1.0,1.0,0.75,0.25,1.0,0.0,1.0,0.25
2,0.5853107179838698,0.6,0.25262421273617913,0.05446295256327899,0.8377143103416325,0.5,0.5,0.5,0.75,0.75,0.75,0.5,0.25,0.75,0.0
1,0.5786748727521985,0.0,0.4919524142757173,0.4921613460710991,0.505583533628268,0.25,0.0,0.25,0.5,0.75,1.0,0.0,0.5,0.75,1.0
2,0.5231379526594426,0.4,0.3967809657102869,0.28051809886496526,0.8651219997390528,0.25,1.0,0.5,0.0,0.75,0.75,0.0,0.25,0.0,0.75
2,0.11054880627707206,0.8666666666666667,0.3435969209237229,0.5152444644263806,0.3449855068877386,0.25,1.0,0.0,0.75,0.0,0.75,1.0,0.0,0.75,0.5
0,0.22169556783875624,0.5333333333333333,0.2610216934919524,0.23880350770456946,0.28919410767289283,0.75,0.0,0.5,0.0,0.75,0.25,1.0,0.5,1.0,0.75
3,0.4380387066664722,0.8666666666666667,0.05878236529041288,0.24830040858912295,0.9763727891775347,0.5,0.75,0.0,1.0,0.25,0.0,0.5,0.25,0.0,1.0
0,0.8095001968877157,0.7333333333333333,0.9818054583624912,0.5157023668421744,0.018794401624990627,1.0,0.75,1.0,0.5,0.75,1.0,0.0,0.25,1.0,0.75
1,0.48109148715854566,0.4,0.2925122463261022,0.15720664449850968,0.044776276129804816,0.0,0.0,1.0,1.0,0.75,0.25,0.5,0.0,0.75,0.25
3,0.4121662024005717,1.0,0.3212036389083275,0.9858299345426111,0.20071829887046622,0.75,0.75,0.75,1.0,0.25,0.25,0.75,0.0,0.5,0.25
1,0.8092522642087302,0.2,0.8194541637508748,0.2972073137536667,0.43367563132069525,0.0,0.75,0.25,0.25,0.0,0.75,0.0,0.5,1.0,0.5
1,0.8490089984978196,0.4666666666666667,0.4366689993002099,0.2936015208127467,0.08010841687097156,0.0,0.5,0.0,1.0,0.25,0.25,0.0,1.0,1.0,0.75
0,0.5430600726296907,0.8666666666666667,0.03358992302309307,0.3916410732364876,0.11132489304620277,0.25,0.5,0.0,0.25,0.5,0.75,0.25,1.0,0.75,0.25
0,0.015240567619992125,0.8,0.2974107767669699,0.4119905994980403,0.5932334436773588,0.75,0.25,1.0,0.25,0.75,0.25,1.0,1.0,0.75,1.0
0,0.49634663905377224,0.4,0.33030090972708187,0.6099373263453454,0.24366219933950264,1.0,0.5,0.0,0.0,0.0,0.5,0.25,0.5,1.0,0.0
3,0.04846354660405151,1.0,0.2918124562631211,0.6235448464010007,0.6379006380800322,0.0,0.25,0.0,0.5,0.75,0.25,0.0,0.5,0.0,0.25
0,0.49965726953199063,0.4666666666666667,0.8957312806158153,0.810795789327321,0.09370837588793143,1.0,1.0,1.0,0.0,0.25,0.5,0.75,0.75,0.0,0.75
1,0.9657852902999985,0.6,0.09027291812456263,0.04791052776833386,0.35761985743096775,0.0,0.75,0.5,1.0,0.5,0.0,0.75,1.0,0.75,0.0
3,0.0015896860005542024,0.6666666666666666,0.10356892932120364,0.38016786702617317,0.6031546600311976,0.25,0.0,0.25,1.0,0.25,0.25,0.0,0.5,0.0,1.0
1,0.18815173479953914,0.7333333333333333,0.6850944716585025,0.23347173523220596,0.19156408379117265,0.25,0.25,0.5,0.0,0.75,0.75,0.25,0.25,1.0,1.0
0,0.03653360946227777,0.26666666666666666,0.7928621413575927,0.5873819377015951,0.21168643487268715,1.0,0.75,1.0,0.75,1.0,0.0,0.0,0.0,0.75,1.0
3,0.9710939664853355,0.4666666666666667,0.7165850244926522,0.874262941968571,0.3156026171859059,0.25,0.0,0.25,0.5,0.75,0.0,0.5,0.75,0.5,0.5
0,0.6378578616535652,0.4,0.8110566829951015,0.10018672388910257,0.9959862784060992,1.0,1.0,0.25,0.25,1.0,1.0,0.0,0.75,0.0,1.0
0,0.5886213484620881,0.26666666666666666,0.9314205738278516,0.732221273873993,0.7639116153406883,1.0,0.25,1.0,0.25,1.0,0.5,0.5,1.0,1.0,0.25
0,0.556229673166392,0.4,0.5108467459762072,0.11774668661940492,0.46349209037017886,0.5,1.0,0.75,0.25,1.0,0.0,0.0,0.25,0.5,0.75
1,0.41563725990636896,0.0,0.489853044086774,0.9518376841869645,0.8129028207418116,0.5,0.0,0.75,0.25,0.75,0.75,0.25,0.0,0.25,0.5
0,0.7880467280178511,0.4,0.05178446466060182,0.48793848854349525,0.6147520692036267,0.0,0.75,1.0,0.0,0.0,0.75,0.5,1.0,0.0,0.25
0,0.8322224977029766,0.9333333333333333,0.3086074177746676,0.6719118680709258,0.4731890464609476,0.75,0.75,0.5,1.0,0.75,0.75,0.75,0.25,0.75,1.0
0,0.36941969168842154,0.13333333333333333,0.5339398180545836,0.4869387057439856,0.9974513953835772,1.0,0.0,0.75,0.0,0.25,1.0,0.5,0.25,0.5,0.5
3,0.7220528825820001,0.4666666666666667,0.5752274317704689,0.6500682422155195,0.010465226116854461,0.25,1.0,0.5,0.75,0.0,0.75,0.75,1.0,0.75,0.25
0,0.7508130733443201,0.4666666666666667,0.0034989503149055285,0.7486787573310298,0.13134397348154556,0.5,0.0,0.5,0.25,0.0,1.0,0.0,1.0,0.0,1.0
1,0.40690127904093804,0.4666666666666667,0.8033589923023093,0.6927354892472802,0.8907122950165978,0.25,0.25,0.25,0.75,0.5,0.25,0.25,0.0,1.0,0.0
3,0.9601995128852072,0.2,0.07697690692792163,0.5003835607827846,0.7863486416014553,0.25,0.25,0.0,0.5,0.5,0.5,0.5,0.5,0.0,0.25
2,0.11014044657050767,0.13333333333333333,0.4989503149055283,0.08806707232614105,0.42736133857493086,1.0,1.0,0.25,0.75,1.0,0.5,0.5,0.0,0.0,0.5
1,0.7736374640862222,0.06666666666666667,0.0034989503149055285,0.9172288705352046,0.591489213122961,0.0,0.25,1.0,0.75,0.25,0.0,0.25,0.5,1.0,0.75
1,0.0,0.3333333333333333,0.71518544436669,0.5063008055249179,0.42574978278084596,1.0,0.0,0.25,1.0,0.5,1.0,0.75,0.0,0.75,0.75
2,0.6219026645470853,0.0,0.5038488453463961,0.569728344564149,0.5504574614524828,0.25,0.5,0.0,0.25,0.25,1.0,0.5,0.25,0.25,1.0
0,0.6325929382939315,0.0,0.3344996501049685,0.5722092834616276,0.7687252036158465,0.5,0.75,0.25,0.25,0.5,0.75,1.0,0.75,0.75,0.25
3,0.16033952192745782,0.4,0.9678096571028691,0.9839772939284135,0.7811278046652573,1.0,1.0,0.75,1.0,0.25,0.5,0.5,0.0,0.25,0.25
2,0.9628100981521723,0.13333333333333333,0.08957312806158152,0.17398302407581087,0.340588671885537,0.25,1.0,0.0,0.5,0.75,0.5,0.25,0.0,0.0,0.25
3,0.610249828634766,0.5333333333333333,0.7116864940517844,0.49589324710407995,0.19763081570496568,0.5,0.0,0.75,0.0,1.0,1.0,0.75,0.25,0.25,0.0
0,0.12533726136479648,0.13333333333333333,0.1868439468159552,0.08591121704373407,0.641518617862507,0.75,0.5,0.75,1.0,1.0,1.0,1.0,0.75,0.5,0.5
1,0.06287281053568043,0.6666666666666666,0.9566130160951715,0.9659702759622425,0.054627737951056486,0.25,0.5,0.0,0.0,1.0,0.25,0.5,0.0,0.25,0.75
3,0.3542812139950705,0.3333333333333333,0.13855843247025892,0.6625316813938266,0.5745405299659126,0.75,0.5,1.0,0.25,0.0,0.0,0.5,1.0,0.25,0.25
1,0.23562355068764856,0.3333333333333333,0.11336599020293912,0.7783249180870723,0.29104422186976947,0.0,0.0,0.25,0.25,0.5,0.0,0.25,0.75,0.75,1.0
0,0.2089343270086193,0.6,0.9755073477956613,0.3894285495897259,0.4642556536559098,0.75,0.75,1.0,0.0,0.0,0.75,0.0,0.75,0.0,0.75
3,0.35880233931774763,0.8,0.9167249825052485,0.37416216903735827,0.1506372159145045,0.5,0.25,0.5,1.0,0.0,0.0,1.0,1.0,0.25,0.75
1,0.6560298685956801,0.0,0.7571728481455563,0.27272772775767745,0.8472095812396531,0.0,0.0,0.25,0.0,0.0,1.0,0.75,0.0,0.25,0.75
2,0.4865605903714615,0.6,0.18264520643806859,0.19203597846486456,0.9501926905356824,0.75,0.75,0.25,1.0,1.0,0.25,0.25,0.25,0.0,0.25
2,0.9824259483424971,0.6666666666666666,0.9741077676696991,0.02884191418890215,0.8948014093397915,1.0,1.0,0.75,0.75,0.25,1.0,0.25,0.25,0.0,0.0
3,0.9663832455846106,0.3333333333333333,0.05878236529041288,0.9511184367677862,0.700661426127541,0.75,0.0,0.5,0.25,0.5,0.0,0.25,0.0,0.5,1.0
3,0.848163110534222,0.4,0.5934219734079776,0.37600223762310936,0.33152635756088844,0.75,1.0,0.75,0.5,0.0,0.25,1.0,0.5,1.0,0.0
1,0.36818002829349394,0.6,0.9979006298110566,0.0,0.1543769168858352,0.25,0.0,0.5,0.5,0.75,0.25,1.0,1.0,0.75,0.75
1,0.3391427363017195,0.8666666666666667,0.3331000699790063,0.761599631780254,0.9573428529001585,0.25,0.25,0.25,0.0,1.0,0.75,0.0,0.25,0.75,0.75
3,0.8792859538845217,0.2,0.6773967809657103,0.620499166751799,0.8126709343581218,0.75,0.25,0.0,0.5,0.0,0.25,0.25,0.0,0.5,0.0
1,0.03239167529569618,0.4666666666666667,0.6906927921623512,0.5313847524918263,0.3399785587119245,1.0,0.5,0.25,1.0,0.75,1.0,0.75,0.5,0.75,0.25
0,0.8556740122799598,0.8666666666666667,0.5010496850944717,0.4995503454293616,0.2082423565460985,0.75,0.5,0.5,0.75,1.0,0.5,0.75,0.5,1.0,0.25
1,0.4128516633365905,0.13333333333333333,0.4086773967809657,0.6677524645243681,0.9014803784686818,0.0,0.5,1.0,0.5,0.75,1.0,0.75,0.0,0.0,0.75
0,0.003762743010486094,0.4666666666666667,0.8229531140657803,0.22390403416823032,0.029351822075587064,1.0,0.25,0.5,0.5,0.25,1.0,0.5,1.0,0.25,1.0
2,0.6819315414120495,0.9333333333333333,0.5815255423372988,0.29774404611424193,0.29667860240262156,1.0,1.0,0.0,1.0,0.0,0.75,0.75,0.25,0.75,0.0
2,0.30791780302477867,0.13333333333333333,0.04198740377886634,0.9642835495144352,0.3216209966594308,0.5,1.0,0.0,0.75,0.0,0.75,0.5,0.0,0.25,0.0
3,0.4491519243951172,0.3333333333333333,0.4989503149055283,0.1320016700044054,0.1879850563931427,1.0,0.25,0.75,0.75,1.0,0.0,0.25,0.75,0.0,0.5
0,0.0694940714921172,1.0,0.0,0.227832690651084,0.5660690062066133,1.0,0.5,0.75,1.0,0.0,0.75,0.0,0.75,0.75,0.5
0,0.8339871950063441,0.4666666666666667,0.0034989503149055285,0.30886858390492294,0.9889470804796743,0.5,0.25,1.0,0.75,0.75,0.75,1.0,0.25,0.75,1.0
0,0.79579097816734,0.13333333333333333,0.6962911126662001,0.8843466159366774,0.7219232405697805,0.25,0.25,0.5,1.0,0.75,0.5,0.75,0.75,0.75,0.25
0,0.1406507503609608,0.7333333333333333,0.5815255423372988,0.40840454024390704,0.28151572694928273,0.0,0.5,0.5,0.5,0.25,1.0,1.0,1.0,0.25,0.5
3,0.006650429506905654,0.6,0.887333799860042,0.8519525431190059,0.08001302138159232,0.75,0.0,0.0,0.25,0.5,0.0,0.5,1.0,0.5,0.25
1,0.18342642962357986,0.13333333333333333,0.4989503149055283,0.8472118841610191,0.8468518681384283,0.75,0.0,0.25,0.75,0.5,0.75,0.75,0.0,1.0,0.75
0,0.8151297271282104,0.6666666666666666,0.7438768369489154,0.35129254101966356,0.3209436921417246,0.75,0.75,0.75,0.5,0.5,1.0,0.75,0.25,0.0,0.75
0,0.16512316420435486,0.8666666666666667,0.6878936319104269,0.3585742616116922,0.7904103527071602,0.0,0.25,1.0,1.0,0.5,1.0,0.25,1.0,0.75,1.0
0,0.5348928784984031,0.6,0.9062281315605318,0.5638758276031381,0.3642888472444539,0.0,0.25,0.5,0.0,0.0,0.75,1.0,1.0,0.5,0.75
0,0.9109775839689647,0.8,0.7172848145556333,0.4451745870908159,0.9242972853740131,0.0,0.5,0.0,0.25,0.75,0.25,0.25,0.75,0.5,0.5
2,0.6011346566132396,0.7333333333333333,0.615815255423373,0.15198963360040268,0.4871711212696812,0.75,0.5,0.0,0.5,0.5,1.0,0.0,0.25,0.0,0.75
0,0.7456064870856243,1.0,0.6130160951714486,0.02176484338565902,0.5468817324479858,0.75,1.0,0.0,0.0,0.25,0.25,0.75,1.0,1.0,0.5
0,0.6857963743491767,0.6,0.27641707487753675,0.2744066025399509,0.837533890278133,1.0,1.0,1.0,1.0,0.5,1.0,1.0,0.5,0.5,0.5
3,0.8550614727201131,0.8,0.025192442267319804,0.2661275592320775,0.11895541079751687,1.0,0.5,0.0,1.0,0.0,0.0,0.5,0.25,0.5,1.0
0,0.8694123995508043,0.8,0.3715885234429671,0.09349882172771008,0.5998641914306668,0.75,0.5,0.5,0.5,0.75,0.25,1.0,0.5,0.5,1.0
0,0.9495675762392988,0.13333333333333333,0.08327501749475158,0.0738797690253649,0.7385613351861328,0.25,0.25,0.5,0.25,0.75,0.5,0.75,1.0,0.75,0.0
3,0.9518281389006373,0.4,0.5913226032190343,0.5525980916991409,0.33429109939339713,0.5,0.5,0.25,0.0,0.75,0.25,0.0,0.5,0.25,0.0
0,0.7083144953111555,0.13333333333333333,0.9986004198740378,0.7749433846491425,0.6138817177645013,0.75,0.0,0.5,0.0,0.0,0.5,0.0,0.5,0.25,1.0
0,0.9000831303688364,0.8,0.9629111266620014,0.9126905462672057,0.7357370187584518,0.75,0.0,0.0,0.5,0.0,0.5,0.5,0.75,0.5,1.0
0,0.24699928537051352,0.5333333333333333,0.9881035689293212,0.8250154210883629,0.6934484445550607,0.25,0.5,1.0,0.75,0.75,0.0,0.25,0.0,1.0,1.0
0,0.17154024530750944,1.0,0.2106368089573128,0.9870456182002361,0.7610694300335967,0.5,1.0,1.0,0.5,0.75,0.25,0.5,0.25,0.5,0.75
2,0.24107806962532996,0.26666666666666666,0.5423372988103569,0.8147421255163226,0.12529125143518965,0.75,1.0,0.25,0.5,0.75,1.0,1.0,0.5,0.0,0.25
0,0.09193927107792378,0.9333333333333333,0.17844646606018194,0.20223455716950559,0.35886323211771126,0.25,1.0,1.0,1.0,0.75,0.75,1.0,0.5,0.5,0.5
3,0.9921682441991045,0.3333333333333333,0.622113365990203,0.8302512995305891,0.3354186332232741,0.75,0.25,0.25,0.25,0.5,0.75,0.0,0.25,0.0,0.0
2,0.5123747575364243,0.9333333333333333,0.9958012596221134,0.5790492605125804,0.7471638605735935,0.5,0.5,0.25,0.5,0.5,1.0,1.0,0.5,0.0,0.0
0,0.6693598961599603,0.6,0.6333100069979006,0.8163570808997739,0.47904387361682177,0.5,0.25,0.5,0.75,1.0,1.0,0.5,0.25,0.25,1.0
3,0.23646943865124623,0.8666666666666667,0.04478656403079076,0.46967794438799043,0.2775386567449843,0.5,0.25,0.25,1.0,0.5,0.0,0.75,0.25,0.75,1.0
3,0.8908804526959033,0.26666666666666666,0.9762071378586424,0.6391982624651409,0.12378560977782893,0.5,0.0,0.25,0.0,0.75,1.0,1.0,0.0,0.0,0.5
3,0.3983840623040238,0.8666666666666667,0.0034989503149055285,0.4016682658976829,0.2499114189574172,0.25,0.5,1.0,0.5,0.5,0.25,1.0,0.75,0.5,0.5
2,0.9015415578922805,0.26666666666666666,0.86074177746676,0.5013690031957702,0.7118091711185724,1.0,0.75,0.75,0.5,0.0,1.0,0.5,0.5,0.5,1.0
0,0.42371694838624996,0.7333333333333333,1.0,0.06801965733286076,0.9626638821680111,0.0,0.5,0.25,0.5,0.75,0.75,0.25,0.75,0.25,0.0
3,0.3526915279945163,0.06666666666666667,0.4989503149055283,0.33304113398800594,0.4825444352849498,1.0,1.0,0.0,0.0,0.25,0.25,1.0,1.0,0.0,0.25
3,0.016567736666326365,0.3333333333333333,0.43177046885934217,0.80735087863871,0.9484690438360829,0.75,0.75,0.0,0.5,1.0,0.0,0.25,0.5,0.75,0.0
2,0.22803972756573862,0.8666666666666667,0.6969909027291813,0.7689292545146409,0.5989060631291406,1.0,1.0,0.25,1.0,1.0,1.0,1.0,0.75,0.25,0.0
2,0.5143582189683084,0.26666666666666666,0.28971308607417773,0.8616662361422257,0.2791913911026242,0.75,1.0,0.0,0.5,0.5,0.5,0.25,0.0,1.0,0.75
0,0.01082153222395613,0.8,0.6249125262421273,0.7376700094891204,0.3411243567409862,0.5,0.0,0.5,0.25,1.0,0.0,1.0,0.75,0.25,0.5
0,0.6186649554450392,0.8,0.8222533240027992,0.6809616389232744,0.8755431530355188,0.75,0.5,1.0,0.5,0.25,0.0,0.0,0.75,0.75,0.25
2,0.27775752183995217,0.8666666666666667,0.25892232330300907,0.5551602772560011,0.16900032287294955,1.0,1.0,0.5,0.5,0.75,1.0,0.5,0.75,0.25,0.75
1,0.0334709116630449,0.8,0.2932120363890833,0.6654028404247662,0.3632367622056254,0.0,0.5,0.25,1.0,0.5,0.25,1.0,0.25,1.0,0.25
3,0.2341067860632666,0.6666666666666666,0.4429671098670399,0.6608569622035357,0.0982507834660638,0.75,0.5,0.25,0.75,0.0,0.25,1.0,0.75,0.25,0.75
1,0.43987632534601195,0.3333333333333333,0.38628411476557034,0.3709751285670599,0.45930414261003727,0.0,0.0,0.0,0.0,1.0,0.25,0.0,0.0,1.0,0.5
1,0.6404246940948269,0.6666666666666666,0.2568229531140658,0.6423621773997508,0.561418580696293,0.25,0.0,0.75,0.25,0.75,1.0,0.5,0.0,0.5,0.5
3,0.18099085565942802,0.0,0.15465360391882435,0.4883983463897905,0.10043948243249756,0.75,1.0,0.25,0.0,0.75,0.0,1.0,0.25,0.5,0.25
3,0.7638222468534426,0.8,0.635409377186844,0.8803830280975558,0.7665577126412491,0.5,0.0,1.0,0.5,0.5,0.0,0.5,0.75,0.0,0.0
0,0.5352429011040296,0.26666666666666666,0.12946116165150454,0.5700739063371807,0.6425693562226494,1.0,0.0,0.75,1.0,0.5,1.0,0.25,0.0,0.75,1.0
1,0.07454023072323421,0.8666666666666667,0.33030090972708187,0.2257975378635749,0.5383909971833439,0.25,0.5,0.0,1.0,0.75,0.0,0.5,1.0,0.75,0.5
2,0.2746219026645471,0.2,0.8334499650104968,0.5340861206798564,0.5208193327749223,0.5,0.75,0.0,0.5,0.25,0.75,0.75,0.0,0.25,0.75
0,0.9666603468140651,0.8,0.28761371588523443,0.8619501495832645,0.6348290241544803,0.0,0.75,0.25,0.0,0.5,0.5,0.25,0.75,0.5,0.5
2,0.01855119809821051,0.4,0.18964310706787962,0.8598734202628573,0.05926935606502995,0.75,1.0,0.0,1.0,0.5,1.0,0.25,0.0,0.5,0.25
0,0.9024311986815815,0.8666666666666667,0.7270818754373688,0.007421059567776576,0.2546196727689735,1.0,0.0,0.75,0.0,0.5,0.25,0.0,1.0,0.75,0.25
0,0.20245890880452697,0.7333333333333333,0.13296011196641008,0.3319871188152124,0.6027027541551286,0.75,1.0,1.0,0.75,0.75,0.5,0.75,0.25,1.0,1.0
3,0.4938235594382137,0.6,0.9349195241427571,0.49979061602855057,0.5498915395244979,1.0,0.25,0.0,0.75,0.25,0.25,1.0,1.0,0.25,0.0
3,0.25026616302302856,0.6,0.3645906228131561,0.39708366399090755,0.05970580821981205,1.0,0.25,1.0,0.0,1.0,0.25,0.25,0.0,0.0,0.25
3,0.7368121691192556,0.6666666666666666,0.24002799160251925,0.43462286722892013,0.7493876181657537,0.25,1.0,0.0,0.75,0.0,0.75,1.0,0.75,0.25,0.75
0,0.5887526069391982,0.26666666666666666,0.8124562631210637,0.8800470233722503,0.8515919553782021,0.75,0.5,0.75,0.5,0.5,0.75,0.75,0.75,0.75,0.0
0,0.19789403065614655,0.9333333333333333,0.6081175647305809,0.3328605474762026,0.8045286936799958,0.0,0.0,1.0,1.0,0.75,1.0,0.75,1.0,1.0,1.0
0,0.5150290956290927,0.13333333333333333,0.3358992302309307,0.6274768302628851,0.16110246650300414,1.0,0.0,0.5,0.0,0.0,0.75,0.0,0.25,0.25,1.0
0,0.007350474718158881,0.5333333333333333,0.9979006298110566,0.9236382480134313,0.5625884346012218,0.25,0.5,0.75,0.0,0.25,1.0,0.25,1.0,0.5,1.0
0,0.09974185832835038,0.2,0.258222533240028,0.786519515856012,0.02812898845240502,0.75,0.0,1.0,0.75,0.0,0.75,0.0,0.25,0.75,1.0
0,0.9257660390566891,0.6666666666666666,0.6850944716585025,0.9458405805493889,0.8422068605466886,0.25,0.5,1.0,0.5,0.75,0.5,0.25,0.0,1.0,0.0
0,0.9061793574168332,0.6,0.7669699090272918,0.3226482897340856,0.7665464144511823,1.0,1.0,1.0,1.0,1.0,1.0,0.5,1.0,1.0,0.25
0,0.34427640118424313,0.26666666666666666,0.27711686494051785,0.40333163009667233,0.6120307961571146,0.5,1.0,0.75,1.0,0.5,0.75,1.0,0.25,0.0,0.75
1,0.4574795455539837,0.4666666666666667,0.33170048985304407,0.24367596321407997,0.7514371029950423,0.25,0.75,0.25,0.0,0.75,1.0,0.25,0.25,1.0,0.75
2,0.7229279390960667,0.9333333333333333,0.18054583624912526,0.9273346813306261,0.6061568588893249,0.5,0.5,0.0,0.25,1.0,0.75,0.25,0.25,0.0,0.0
2,0.6560882056966179,0.06666666666666667,0.8327501749475158,0.19118252604390912,0.5436995640974979,1.0,0.5,0.25,1.0,0.75,1.0,0.75,0.0,0.25,0.0
0,0.7664620006708767,0.4666666666666667,0.01959412176347096,0.8391015713998127,0.6448813656193662,0.5,0.0,0.25,0.5,0.0,0.75,0.75,1.0,0.75,0.75
0,0.16408768066270946,0.9333333333333333,0.6179146256123164,0.688025581609751,0.10689032351459306,0.75,0.5,0.75,0.25,0.5,1.0,0.25,0.0,0.5,1.0
0,0.9690521679525136,0.4666666666666667,0.9132260321903429,0.5627105702001288,0.8436569004168645,0.25,0.75,0.25,0.0,0.25,0.5,0.75,0.75,1.0,0.5
0,0.524173436201088,0.8666666666666667,0.33939818054583626,0.9828499890009748,0.5715623966316277,0.75,1.0,0.75,0.25,0.25,0.75,1.0,0.0,1.0,0.25
3,0.08553677425000365,0.26666666666666666,0.4324702589223233,0.388068587692715,0.6074989139882269,0.0,0.5,0.25,1.0,0.25,0.5,0.75,0.0,0.25,0.25
0,0.7722811264894192,0.6,0.8467459762071379,0.71076873987334,0.25217560197017513,0.75,1.0,0.5,0.0,0.5,0.25,0.5,0.25,0.75,0.5
0,0.05969343853457203,0.8,0.5332400279916025,0.9144769174170123,0.47093511532018,0.0,0.5,1.0,1.0,0.75,1.0,0.75,1.0,0.5,0.75
1,0.8958828591013169,0.6666666666666666,0.15815255423372987,0.5498409837277791,0.6864852234896144,0.25,0.0,1.0,1.0,0.25,1.0,0.5,0.25,0.25,0.5
1,0.8718479735149561,0.4,0.7354793561931421,0.525285062900884,0.0998240882677627,0.0,0.25,0.75,0.75,0.5,0.25,0.0,0.5,0.5,1.0
0,0.8504674260212639,0.3333333333333333,0.7207837648705389,0.00994331751776266,0.8911055191362943,0.0,0.5,0.5,0.75,1.0,1.0,0.0,0.5,0.0,0.0
1,0.17808858488777402,0.2,0.13156053184044786,0.9915885128214708,0.18438201638086404,0.75,0.0,0.75,1.0,0.75,0.25,0.75,0.0,1.0,0.0
3,0.8584158560240349,0.7333333333333333,0.5360391882435269,0.5907264608658047,0.9026195105894744,1.0,0.25,1.0,0.5,1.0,0.0,1.0,0.5,0.25,0.25
2,0.09866262196100165,0.9333333333333333,0.4989503149055283,0.33396848457255385,0.6669128831369405,1.0,1.0,0.0,0.5,1.0,0.0,0.5,0.0,0.75,0.75
1,0.24554085784706928,0.0,0.2568229531140658,0.223649615647976,0.20556932572102335,0.0,0.25,0.25,0.0,0.25,0.25,0.25,0.5,0.75,1.0
0,0.9338311432613356,0.9333333333333333,0.5437368789363191,0.5954066087706305,0.998792188642516,1.0,0.75,1.0,1.0,0.75,0.5,0.0,0.25,0.25,0.25
3,0.881371505243047,0.8666666666666667,0.41427571728481455,0.6926419088153057,0.31286109875740575,1.0,0.5,1.0,0.0,0.25,0.25,1.0,0.25,0.0,0.75
3,0.9343561771697756,0.4,0.42337298810356894,0.931006195391069,0.3150085691797517,0.75,0.75,0.5,0.0,0.0,0.25,1.0,0.75,0.5,0.5
3,0.40776175127977016,0.4666666666666667,0.45276417074877534,0.4303995467163678,0.34426429542827885,1.0,0.25,0.75,1.0,0.5,0.25,0.0,0.25,0.5,0.75
2,0.1418174923797162,0.4,0.801259622113366,0.7925281010661106,0.04545638708304786,0.75,0.75,0.0,0.75,0.75,0.75,1.0,0.25,0.5,0.25
0,0.8958245220003792,0.06666666666666667,0.7557732680195941,0.6552551575266473,0.8610100141627677,0.75,1.0,1.0,1.0,1.0,1.0,0.0,0.25,0.5,1.0
0,0.22876894132746073,0.4,0.30160951714485656,0.7510841125424227,0.07501921073728068,1.0,0.25,1.0,0.75,0.5,1.0,0.5,0.75,1.0,1.0
3,0.35280820219639186,0.7333333333333333,0.24212736179146255,0.6557626895809084,0.038148701463400846,0.25,0.5,0.75,0.5,0.0,0.5,0.75,0.25,0.25,0.5
1,0.7251885017574051,0.7333333333333333,0.36808957312806156,0.9399184579822963,0.31055397448958155,0.0,0.25,0.5,0.0,0.5,1.0,0.0,0.25,1.0,0.5
2,0.55471290854201,0.13333333333333333,0.5605318404478656,0.3937107381917174,0.7852831466468473,0.25,0.75,0.25,0.25,0.0,0.5,0.25,0.0,0.25,1.0
0,0.3865999679145945,0.5333333333333333,0.3582925122463261,0.6937831255866638,0.37114261865041026,0.5,0.75,0.75,0.5,0.75,1.0,0.25,0.5,0.75,0.25
3,0.9402336400892558,0.2,0.9223233030090973,0.6876906026374372,0.5159709101379419,0.5,0.75,0.0,0.25,0.5,0.0,1.0,0.75,0.0,1.0
2,0.7118001370921873,0.8,0.08047585724282715,0.34766771756692677,0.5922826135060132,0.0,1.0,0.5,0.25,0.25,0.0,0.5,0.25,0.5,0.5
3,0.8357810608601806,0.6,0.034289713086074175,0.8115935068517001,1.0,0.25,0.25,0.25,0.0,0.75,0.25,0.25,0.5,0.0,0.0
1,0.06261029358146047,0.4666666666666667,0.7459762071378586,0.6561793421632194,0.0010669606962036085,0.25,0.5,0.5,0.25,0.25,1.0,1.0,0.25,1.0,0.0
3,0.05566817856986597,0.7333333333333333,0.04338698390482855,0.22430125113347596,0.42859958539536086,0.75,1.0,0.25,1.0,0.25,0.25,0.25,0.0,0.5,1.0
1,0.5047325973135764,0.2,0.4828551434569629,0.2498986344791208,0.7791713635013332,0.0,1.0,0.75,1.0,1.0,0.25,0.5,0.0,1.0,0.25
2,0.35016844837895783,0.4,0.5507347795661302,0.4737314542427117,0.5777026559870959,0.25,0.75,0.0,0.25,1.0,1.0,0.0,0.25,0.25,0.0
3,0.6062537372205288,0.6666666666666666,0.29111266620014,0.8260151999237337,0.25514023839502453,0.5,0.75,0.75,1.0,0.0,0.0,1.0,0.5,1.0,0.75
3,0.5261714819082066,0.7333333333333333,0.03988803358992302,0.714602867542974,0.4417429184726037,1.0,0.0,1.0,1.0,0.75,0.0,0.75,0.5,0.25,0.25
1,0.5485437601178409,0.7333333333333333,0.3170048985304409,0.2544165629653811,0.4999472669087277,0.5,0.75,0.5,0.0,0.5,0.25,0.25,0.5,1.0,1.0
3,0.5350387212507475,0.6,0.3072078376487054,0.12373968266686947,0.870380113165089,1.0,0.75,0.0,1.0,0.25,0.5,0.0,0.25,0.0,1.0
1,0.5282570332667318,0.4,0.10566829951014696,0.38656970384418543,0.5117015325459761,0.0,0.0,0.25,1.0,1.0,0.25,0.0,1.0,1.0,0.25
3,0.9908264908775358,0.0,0.4534639608117565,0.7850483842831352,0.1670128619159014,0.5,0.75,1.0,0.5,0.25,0.25,1.0,1.0,0.25,0.0
1,0.157641431009086,1.0,0.4079776067179846,0.8492261495576977,0.8759357935613993,0.5,0.5,0.5,0.25,1.0,1.0,0.25,0.25,0.25,0.75
1,0.16033952192745782,0.8,0.363890832750175,0.6594966143886944,0.47898165661382236,0.0,0.75,0.0,0.75,0.75,0.0,0.75,0.5,0.75,0.0
2,0.8506570215993117,0.0,0.4072778166550035,0.2705156553205343,0.7446239065874892,0.75,0.5,1.0,1.0,0.5,0.5,0.75,0.25,0.75,0.25
0,0.21564309361646272,0.13333333333333333,0.2554233729881036,0.31075344656256515,0.2551662122773475,0.75,1.0,0.75,0.75,0.5,1.0,0.5,0.5,0.0,1.0
3,0.6022430615310572,0.3333333333333333,0.2092372288313506,0.717943114974418,0.5730512984073866,1.0,0.5,0.5,0.5,0.5,0.0,1.0,0.0,0.0,0.75
0,0.7647118876427436,0.26666666666666666,0.503149055283415,0.0664851946826618,0.4217194010411188,0.75,0.75,1.0,0.5,0.75,0.5,0.75,0.5,0.75,1.0
2,0.7129377105604737,0.4666666666666667,0.5661301609517145,0.40024980979709995,0.08934971507093503,0.5,0.75,0.5,0.0,0.0,1.0,0.75,0.0,0.5,0.25
2,0.7266177607303805,0.6666666666666666,0.09517144856543037,0.3321348858401044,0.819460499901832,0.5,1.0,0.0,1.0,0.5,1.0,0.0,0.5,1.0,0.75
0,0.9718961016232298,0.6,0.6494051784464661,0.773287410224791,0.18914285171836476,0.25,0.25,0.75,0.25,0.25,1.0,0.5,1.0,0.75,0.5
1,0.17216736914259045,0.9333333333333333,0.4989503149055283,0.5242082952035877,0.8872751254101225,0.75,0.0,0.0,0.5,1.0,1.0,1.0,0.5,0.0,0.75
0,0.8831362025464145,0.7333333333333333,0.00489853044086774,0.406166713080691,0.4522105656383057,0.25,0.75,0.75,0.25,0.0,1.0,0.5,0.75,0.0,0.75
3,0.8059708022809806,0.6666666666666666,0.5920223932820154,0.5358702938003068,0.58138573271035,0.0,0.25,1.0,0.0,0.5,0.0,0.0,0.75,0.0,0.25
0,0.2580395817229863,0.7333333333333333,0.34919524142757175,0.32984906679099735,0.36210603695060034,0.5,0.0,0.5,0.0,0.25,0.5,0.75,0.75,1.0,0.5
0,0.8943952630274039,1.0,0.794961511546536,0.36956442038559834,0.2921598755177353,0.25,1.0,1.0,0.5,0.75,0.5,0.25,0.25,0.75,1.0
3,0.7713331485991803,0.9333333333333333,0.4989503149055283,0.5867220481258686,0.34019995171288026,0.25,0.25,0.5,0.75,0.0,0.0,1.0,0.75,0.0,0.5
3,0.7753000714629487,0.4666666666666667,0.72778166550035,0.6262913368095955,0.5280044391009612,0.0,0.0,0.5,0.5,0.75,0.0,0.75,0.25,0.0,0.0
2,0.33498621785990346,0.8666666666666667,0.4926522043386984,0.4784142910138705,0.024783829294635035,0.5,0.5,0.5,0.25,1.0,1.0,1.0,0.75,0.25,0.5
0,0.17944492248457714,0.6666666666666666,0.36039188243526943,0.8303015981593463,0.9326899584960547,0.25,0.5,0.5,0.25,0.25,0.25,0.25,0.75,0.5,0.75
3,0.18118045123747575,0.06666666666666667,0.7186843946815955,0.7792763826179289,0.4540812229069929,0.0,0.5,0.5,0.75,0.75,0.25,0.5,0.5,0.25,0.25
2,0.04656759082357402,0.8666666666666667,0.6529041287613716,0.08636660754953245,0.6881244264715952,0.5,1.0,0.25,1.0,1.0,0.5,1.0,0.0,1.0,0.75
1,0.8176673910190033,0.13333333333333333,0.6151154653603919,1.0,0.5918586353727208,0.25,0.25,1.0,0.75,0.25,0.0,0.0,0.0,0.5,0.0
3,0.2115594965508189,0.7333333333333333,0.6207137858642408,0.7360924286230637,0.19649428845578346,1.0,0.25,0.5,0.0,0.0,0.25,0.75,0.5,0.25,0.25
0,0.0562661338544781,0.3333333333333333,0.25052484254723584,0.7373660015699091,0.4133915569693633,0.0,0.75,1.0,1.0,0.5,1.0,0.75,1.0,0.25,0.5
2,0.7753146557381831,1.0,0.3072078376487054,0.07999504479953606,0.39784906486259225,0.0,0.75,0.25,1.0,1.0,0.5,1.0,0.25,0.0,0.25
2,0.7510026689223679,0.8666666666666667,0.9839048285514346,0.08057276560004857,0.2731990076769848,0.75,0.75,0.0,0.5,0.5,0.25,0.75,0.0,0.5,0.0
3,0.2093426867151837,0.2,0.03498950314905528,0.39782211025130865,0.5817993490293553,0.0,0.0,0.5,1.0,0.75,0.0,0.25,1.0,0.0,0.0
1,0.21104904691761342,0.6666666666666666,0.30300909727081876,0.825779655583931,0.8464441127292732,0.75,0.0,1.0,0.75,0.0,0.5,0.75,0.5,0.0,0.75
0,0.9039187947554946,0.6,0.5724282715185445,0.2606428650711462,0.3595281043424388,1.0,1.0,0.75,0.0,0.75,0.0,0.75,1.0,0.5,0.5
3,0.8788484256274884,0.8,0.26522043386983907,0.5151343184134821,0.4374241347308668,0.25,0.75,1.0,0.5,0.0,0.25,0.75,0.75,0.75,1.0
0,0.12401009231846223,0.13333333333333333,0.3631910426871938,0.3704443185817584,0.21439936669929444,0.75,0.25,0.5,0.0,0.0,0.75,0.5,0.25,0.75,0.5
1,0.5792582437615763,0.0,0.4828551434569629,0.6334219511954822,0.4793519966119647,0.0,0.25,0.5,0.25,0.75,0.25,0.75,0.25,0.75,0.0
3,0.32951711464698763,1.0,0.4625612316305108,0.9776220287552548,0.2446776554877882,1.0,0.25,1.0,1.0,0.25,0.25,0.75,0.25,0.0,0.0
2,0.41963335132060614,0.7333333333333333,0.6682995101469559,0.03205841388780823,0.935699525932342,0.75,0.0,0.25,0.75,1.0,0.5,0.25,0.0,0.0,0.0
0,0.969723044613298,0.3333333333333333,0.8691392582225332,0.882723034200914,0.8022634382809637,0.5,0.75,0.5,0.25,0.75,0.25,0.25,0.5,1.0,0.5
0,0.11260518908512841,0.6666666666666666,0.8131560531840448,0.66226626889194,0.6754146444867659,0.75,1.0,1.0,0.0,0.0,0.75,0.75,0.0,0.5,1.0
1,0.7262969066752227,0.06666666666666667,0.1595521343596921,0.6220345148307448,0.07493845728132234,0.75,0.0,0.25,0.75,0.75,1.0,0.25,0.0,0.5,0.0
1,0.36908425335802936,0.6666666666666666,0.8432470258922323,0.9346965151207118,0.9433818275376524,0.25,0.5,0.25,0.25,0.75,0.75,0.75,0.0,1.0,0.0
3,0.4996281009815217,0.8666666666666667,0.28551434569629114,0.611288280735464,0.6113255253995873,0.5,0.5,0.5,0.75,0.25,0.5,1.0,0.75,0.5,0.0
2,0.9832572520308603,0.4666666666666667,0.49685094471658503,0.7307143479333281,0.4853625654333737,0.5,0.5,0.5,0.5,0.0,1.0,0.5,0.0,0.75,1.0
1,0.08803068531509327,0.3333333333333333,0.9237228831350595,0.8328984441304557,0.8271884682116938,0.75,0.5,0.25,0.75,0.75,0.5,1.0,0.0,0.75,1.0
2,0.5415578922805431,0.4,0.8761371588523443,0.0528366921143892,0.5913539171179311,0.25,0.75,0.5,1.0,1.0,0.0,0.0,0.0,0.0,0.25
1,0.041419341665815915,0.26666666666666666,0.4331700489853044,0.9634225990183996,0.34839774061285655,0.5,0.25,0.0,1.0,1.0,0.5,0.75,0.25,1.0,0.25
3,0.4468476089080753,0.5333333333333333,0.7102869139258222,0.729623661483201,0.09608248760188762,0.25,0.0,0.75,0.0,0.5,0.0,0.0,1.0,0.0,0.5
3,0.5864774600026251,0.4666666666666667,0.9020293911826452,0.7956303549739159,0.06831037320590921,1.0,0.25,0.25,0.0,0.5,0.5,0.0,0.0,0.0,0.5
0,0.22278938848133942,0.8,0.8747375787263821,0.502219328261527,0.6651661814632308,1.0,0.25,1.0,0.0,1.0,0.0,0.0,0.5,0.5,0.5
2,0.7649598203217292,0.8,0.6060181945416375,0.0230217414835928,0.9832503732560482,0.75,0.75,0.25,0.0,0.75,0.0,1.0,0.0,1.0,0.25
0,0.3613254189333061,0.7333333333333333,0.906927921623513,0.1844768549927953,0.4894073932248339,0.0,1.0,1.0,0.0,0.5,1.0,0.0,1.0,0.25,0.25
3,0.7311243017778232,0.9333333333333333,0.04688593421973408,0.9896804273635362,0.8459522635587083,0.25,0.25,1.0,0.0,0.5,0.25,0.75,0.5,0.5,0.0
2,0.2255749850511179,0.6,0.3554933519944017,0.6723589722247822,0.06713207215963149,0.25,0.75,0.25,0.5,1.0,1.0,0.75,0.5,0.5,0.5
0,0.6211880350605976,0.13333333333333333,0.6452064380685795,0.6289752026066718,0.24709202213530126,0.25,0.25,1.0,0.75,1.0,0.5,1.0,1.0,0.0,1.0
0,0.9751046421748071,0.6666666666666666,0.5857242827151854,0.9316406510230166,0.3826643660240047,1.0,0.75,0.75,0.75,1.0,1.0,1.0,0.25,0.25,0.25
3,0.6369390523137952,0.9333333333333333,0.6899930020993702,0.939616066860534,0.6157759289628629,0.25,1.0,0.75,1.0,0.5,0.75,0.25,0.0,0.0,0.5
3,0.6499482258229178,0.8,0.9174247725682295,0.7176397723036088,0.15155917441828687,0.75,0.5,0.75,0.75,0.0,0.0,0.25,0.25,0.0,0.0
1,0.1042046465500897,0.8,0.8229531140657803,0.6656133536560067,0.6998827546424823,0.0,0.25,0.5,0.25,0.25,1.0,1.0,0.0,1.0,0.0
2,0.2576895591173597,0.3333333333333333,0.5528341497550735,0.12286437094191996,0.2394756259564464,1.0,1.0,0.0,0.75,0.5,0.5,1.0,0.0,0.25,0.25
3,0.08419502092843496,0.6,0.3254023792862141,0.5884252141783055,0.28012615885243275,0.0,0.5,1.0,0.0,0.0,0.0,0.5,0.25,0.0,0.0
1,0.7301909081628188,0.0,0.4800559832050385,0.3866492657384506,0.12477033240665786,0.75,0.0,0.0,0.0,0.75,0.25,0.0,0.75,0.75,1.0
0,0.4430411130718859,0.2,0.002099370188943317,0.561022537114535,0.5986744329890752,1.0,0.0,0.75,0.0,0.75,1.0,0.0,0.25,1.0,0.0
2,0.8829320226931323,0.4666666666666667,0.013296011196641007,0.45901321434944753,0.5429215670070673,1.0,0.75,0.0,0.25,0.25,1.0,0.5,0.0,0.0,0.25
2,0.670964166435749,0.9333333333333333,0.9825052484254724,0.21657737424014192,0.9299527569107368,1.0,0.75,0.0,0.5,0.75,0.75,0.5,0.5,0.75,0.0
2,0.48997331077632095,0.4666666666666667,0.5115465360391882,0.004564849031484626,0.256644714496032,0.75,0.75,0.0,0.5,0.0,0.5,0.0,0.0,0.25,1.0
0,0.2945440226347952,0.6,0.9951014695591323,0.9977901798729095,0.0559222830217606,0.0,0.5,0.75,0.75,0.5,1.0,0.75,0.25,0.5,1.0
0,0.4631819971706506,0.6,0.7851644506648006,0.3107037030316853,0.010726349423524928,0.75,1.0,0.5,0.0,1.0,0.25,1.0,0.75,0.0,0.75
1,0.058512112240582205,0.6,0.6710986703988804,0.7254161724847698,0.816877462152389,0.25,0.5,0.0,0.25,0.25,0.75,0.5,0.75,1.0,0.25
0,0.8045561275832398,0.7333333333333333,0.4989503149055283,0.7620122745983943,0.4021651465298668,0.75,0.25,0.75,1.0,1.0,1.0,1.0,1.0,0.25,0.75
0,0.8497236279843073,0.5333333333333333,0.8754373687893632,0.45168917409735665,0.8687457393045632,1.0,1.0,0.5,0.5,0.75,0.75,0.25,0.5,1.0,0.5
3,0.19726690682106554,0.0,0.8327501749475158,0.698640851936375,0.8218635023377431,1.0,1.0,0.5,0.25,0.25,0.25,1.0,0.75,0.5,1.0
1,0.32910875494042324,1.0,0.960111966410077,0.4190848558533587,0.16667914660254127,0.25,1.0,0.75,0.75,0.5,0.75,0.5,0.25,1.0,0.0
3,0.06729184593171643,0.26666666666666666,0.0741777466759972,0.3607226075103455,0.10173626161990328,0.0,0.75,0.5,1.0,0.25,0.25,0.0,0.5,0.0,0.0
0,0.27629909431650795,0.5333333333333333,0.10286913925822254,0.42629830254646345,0.8752191884067981,1.0,1.0,1.0,0.0,1.0,0.25,1.0,0.75,0.75,0.5
3,0.9380605830793238,0.13333333333333333,0.9860041987403779,0.9669128240417765,0.30253596853736364,0.75,0.0,0.25,0.0,0.5,0.25,0.75,0.0,0.0,0.0
2,0.09937725144748932,0.0,0.56333100069979,0.4012882846282728,0.25172360795909654,0.75,0.75,0.25,0.25,1.0,1.0,0.75,0.0,0.25,0.0
3,0.3941108696603322,0.5333333333333333,0.13435969209237228,0.9154898927261516,0.6184741724403248,0.75,0.5,1.0,1.0,0.75,0.5,0.25,1.0,0.25,0.25
0,0.27112167660828096,0.7333333333333333,0.4639608117564731,0.7050433846503484,0.24877248656304976,0.5,0.75,1.0,1.0,1.0,1.0,0.0,0.25,0.5,0.25
1,0.7205215336823837,0.6,0.20643806857942618,0.47574774250361246,0.3377092877717338,0.0,0.25,0.75,0.25,0.75,0.5,0.0,0.0,1.0,0.5
0,0.346084851313314,0.4666666666666667,0.9923023093072079,0.36585877325134497,0.6623619856180244,0.5,1.0,1.0,0.25,1.0,0.5,0.25,0.75,0.25,1.0
1,0.08528884157101813,0.6,0.15395381385584325,0.28906692224605823,0.9726918702760294,0.0,0.25,0.5,0.5,0.0,0.75,0.75,0.0,0.5,0.5
1,0.26662971983607275,0.8,0.5367389783065081,0.46072361790603955,0.25758449927329913,0.75,0.25,0.0,1.0,1.0,0.75,0.5,0.25,1.0,0.0
3,0.966791605291175,0.5333333333333333,0.6235129461161651,0.833118915796956,0.51526931498119,0.0,0.0,0.0,0.25,0.0,0.25,1.0,0.0,0.0,0.0
